日期,年度,月份,季度,公司,板块,营业收入,营业成本,销售费用,管理费用,研发费用,财务费用,其他收益,利润总额,净利润,经营活动现金流,预算营业收入,预算利润总额,应收账款,存货,资产总额,负债总额,所有者权益
2023-01-01,2023,1,Q1,长永高速,高速运营,9621.18,3880.56,317.83,775.16,196.61,260.02,211.22,4402.23,3420.09,2067.29,10062.1,3219.87,12539.86,5922.83,200118.61,101492.65,98625.96
2023-02-01,2023,2,Q1,长永高速,高速运营,9839.58,3979.97,366.5,930.35,191.23,405.85,237.37,4203.05,3366.83,4709.72,10591.68,3389.34,9961.13,4948.29,201875.83,100251.35,101624.48
2023-03-01,2023,3,Q1,长永高速,高速运营,11547.85,4423.34,326.82,1127.25,205.73,286.41,181.98,5360.29,4037.24,3736.45,11121.26,3558.8,11317.7,5489.58,204365.54,101852.42,102513.12
2023-04-01,2023,4,Q2,长永高速,高速运营,12133.97,4644.41,417.82,1133.04,253.87,331.23,160.19,5513.78,4345.21,3909.99,11508.95,3682.86,9658.1,5064.48,202953.08,100030.78,102922.3
2023-05-01,2023,5,Q2,长永高速,高速运营,11768.91,4839.35,418.31,1129.07,236.39,355.03,281.36,5072.12,4045.52,3771.02,11650.85,3728.27,8202.56,5905.01,202107.71,103326.42,98781.28
2023-06-01,2023,6,Q2,长永高速,高速运营,11879.38,4445.94,431.3,1013.14,277.9,368.35,242.65,5585.39,4238.78,5484.5,11508.95,3682.86,9727.03,5985.36,205777.72,101142.3,104635.41
2023-07-01,2023,7,Q3,长永高速,高速运营,10243.32,4095.55,332.44,874.58,152.69,147.86,220.65,4860.86,3648.05,1559.38,11121.26,3558.8,12423.46,5762.03,202057.03,105812.69,97221.25
2023-08-01,2023,8,Q3,长永高速,高速运营,10299.88,4203.41,304.14,777.39,214.18,332.4,138.05,4606.41,3599.89,2470.56,10591.68,3389.34,11239.48,4428.22,204458.93,99253.31,105205.62
2023-09-01,2023,9,Q3,长永高速,高速运营,9977.27,4170.33,317.68,1025.68,216.49,324.46,235.79,4158.4,3189.84,3920.57,10062.1,3219.87,11091.27,5461.12,205610.02,100381.79,105228.22
2023-10-01,2023,10,Q4,长永高速,高速运营,9732.96,3674.23,300.89,941.62,188.64,263.11,129.43,4493.89,3537.82,2777.41,9674.41,3095.81,11092.08,5419.62,205797.83,102500.25,103297.58
2023-11-01,2023,11,Q4,长永高速,高速运营,8072.37,3072.48,272.12,708.13,217.62,243.75,179.74,3738.02,2875.51,3289.06,9532.51,3050.4,9411.63,5509.29,205807.33,102732.48,103074.85
2023-12-01,2023,12,Q4,长永高速,高速运营,8774.6,3392.84,318.25,854.68,172.17,162.54,89.31,3963.43,3193.35,3272.54,9674.41,3095.81,9313.58,5133.58,209765.6,107695.64,102069.95
2024-01-01,2024,1,Q1,长永高速,高速运营,10583.87,3780.47,386.83,1060.77,213.06,194.37,131.75,5080.13,3860.97,4036.54,10749.48,3481.11,10887.69,5572.14,219107.27,107570.69,111536.58
2024-02-01,2024,2,Q1,长永高速,高速运营,10771.07,4319.86,367.31,1053.77,167.26,226.71,277.37,4913.53,3739.74,3531.92,11315.24,3664.33,10684.52,6258.77,217962.73,107697.44,110265.3
2024-03-01,2024,3,Q1,长永高速,高速运营,11367.62,4259.22,401.22,1111.07,184.33,330.32,258.47,5339.93,4113.9,5054.28,11881.0,3847.54,10547.8,5191.68,215216.41,103425.13,111791.28
2024-04-01,2024,4,Q2,长永高速,高速运营,10950.69,4790.72,335.63,1012.61,190.97,306.47,176.65,4490.93,3452.87,5046.51,12295.17,3981.67,11624.86,5421.77,217006.54,106679.55,110326.99
2024-05-01,2024,5,Q2,长永高速,高速运营,11810.29,4611.86,339.66,1113.43,289.67,330.67,217.29,5342.27,4066.88,2988.25,12446.76,4030.76,10556.29,5354.18,217958.65,106583.68,111374.96
2024-06-01,2024,6,Q2,长永高速,高速运营,12497.42,4916.02,429.8,918.36,230.32,379.44,295.91,5919.4,4696.25,7279.18,12295.17,3981.67,11079.02,5807.62,217129.31,106255.17,110874.14
2024-07-01,2024,7,Q3,长永高速,高速运营,11315.39,4144.05,400.06,1199.83,135.01,287.11,239.63,5388.96,4129.18,5296.18,11881.0,3847.54,10789.4,5696.47,219358.72,106497.69,112861.03
2024-08-01,2024,8,Q3,长永高速,高速运营,11952.48,4807.84,366.2,1218.22,293.93,180.3,214.34,5300.33,4127.62,2462.04,11315.24,3664.33,10018.09,5121.97,219554.73,107726.35,111828.39
2024-09-01,2024,9,Q3,长永高速,高速运营,10983.53,4261.85,339.29,1038.47,196.85,285.18,104.91,4966.81,3894.86,3525.69,10749.48,3481.11,10637.92,7026.68,219544.83,108524.65,111020.18
2024-10-01,2024,10,Q4,长永高速,高速运营,9474.09,3386.43,321.55,837.98,218.1,270.14,172.03,4611.91,3648.14,3517.3,10335.31,3346.99,11731.74,5618.5,220536.86,109956.79,110580.07
2024-11-01,2024,11,Q4,长永高速,高速运营,10048.67,3913.88,337.08,987.9,239.01,266.55,129.55,4433.81,3418.5,3713.69,10183.71,3297.89,8576.77,6918.43,222674.21,109206.6,113467.62
2024-12-01,2024,12,Q4,长永高速,高速运营,9931.41,3753.85,315.03,1058.18,225.17,235.57,134.99,4478.61,3486.76,4693.11,10335.31,3346.99,10655.9,5886.01,222717.34,112251.06,110466.28
2025-01-01,2025,1,Q1,长永高速,高速运营,11542.1,4430.58,230.84,1139.17,208.51,314.34,272.75,5491.4,4364.14,5534.84,11483.12,3762.79,13125.97,6788.36,228291.9,110880.36,117411.54
2025-02-01,2025,2,Q1,长永高速,高速运营,12070.91,5367.77,342.15,1125.64,254.81,244.76,104.79,4840.57,3894.47,3219.09,12087.49,3960.83,10543.63,5967.06,236529.09,109758.77,126770.32
2025-03-01,2025,3,Q1,长永高速,高速运营,12256.4,4735.18,290.19,1343.42,329.19,427.36,259.11,5390.17,4284.38,1799.44,12691.87,4158.87,10706.9,5936.16,232316.26,111705.43,120610.83
2025-04-01,2025,4,Q2,长永高速,高速运营,12288.45,4661.24,357.74,1080.77,303.69,362.41,193.46,5716.06,4466.42,5308.18,13134.3,4303.85,10292.83,6149.01,237425.51,117630.95,119794.56
2025-05-01,2025,5,Q2,长永高速,高速运营,13276.74,5280.1,465.77,1418.23,297.34,376.21,220.19,5659.28,4534.05,5198.04,13296.24,4356.91,10623.52,5544.17,236458.89,114211.2,122247.69
2025-06-01,2025,6,Q2,长永高速,高速运营,12212.41,4557.91,420.35,1086.76,202.59,432.16,152.72,5665.35,4241.64,5537.82,13134.3,4303.85,11297.3,5431.97,238783.3,118712.68,120070.62
2025-07-01,2025,7,Q3,长永高速,高速运营,11227.76,4215.57,360.78,1066.54,199.1,300.41,322.0,5407.35,4223.01,2969.44,12691.87,4158.87,12052.59,6423.06,232317.0,111394.27,120922.73
2025-08-01,2025,8,Q3,长永高速,高速运营,12062.11,4607.96,353.13,1238.51,188.74,158.45,229.77,5745.1,4519.09,1898.02,12087.49,3960.83,14089.04,5325.62,237054.12,112546.03,124508.09
2025-09-01,2025,9,Q3,长永高速,高速运营,11129.04,4624.88,340.42,1115.92,261.19,258.55,276.74,4804.82,3689.27,4670.69,11483.12,3762.79,11108.59,5772.73,240329.25,119543.09,120786.16
2025-10-01,2025,10,Q4,长永高速,高速运营,10293.35,4061.44,385.68,1048.03,217.27,209.67,153.22,4524.49,3634.14,4007.42,11040.68,3617.81,12305.16,6155.5,231967.38,116041.26,115926.12
2025-11-01,2025,11,Q4,长永高速,高速运营,10192.93,3761.21,269.13,991.18,157.5,303.76,174.38,4884.53,3783.77,3597.39,10878.74,3564.75,9339.01,5123.21,242044.18,117116.11,124928.07
2025-12-01,2025,12,Q4,长永高速,高速运营,11237.58,4457.28,399.96,963.21,195.65,327.11,298.58,5192.95,4058.38,3007.37,11040.68,3617.81,12318.32,6008.83,235958.86,112102.14,123856.71
2026-01-01,2026,1,Q1,长永高速,高速运营,11957.52,4536.89,352.52,1129.84,219.94,427.11,231.69,5522.91,4471.07,5961.07,12266.1,4066.46,9918.18,6869.65,245605.56,116167.75,129437.81
2026-02-01,2026,2,Q1,长永高速,高速运营,12856.89,4619.66,387.19,1232.91,159.42,358.43,282.05,6381.34,4975.29,6934.0,12911.68,4280.48,10277.73,6450.4,251081.99,119424.2,131657.8
2026-03-01,2026,3,Q1,长永高速,高速运营,12333.13,5032.54,381.95,1290.72,240.91,237.92,138.51,5287.6,4156.16,4359.35,13557.26,4494.5,13148.66,6611.98,249598.34,119314.95,130283.39
2026-04-01,2026,4,Q2,长永高速,高速运营,13943.99,5819.2,380.14,1357.03,218.22,300.6,41.83,5910.64,4581.85,3964.13,14029.86,4651.18,13484.74,5549.83,251777.26,119344.07,132433.18
2026-05-01,2026,5,Q2,长永高速,高速运营,12999.1,5471.74,286.72,1202.41,195.39,227.64,343.52,5958.71,4605.84,6958.14,14202.85,4708.53,11294.75,6883.84,254745.79,119431.77,135314.01
2026-06-01,2026,6,Q2,长永高速,高速运营,12979.0,5023.25,524.96,1349.74,205.2,353.74,154.0,5676.11,4501.07,5336.28,14029.86,4651.18,12009.61,5412.8,254909.44,119778.8,135130.64
2023-01-01,2023,1,Q1,怀芷高速,高速运营,7987.44,3262.42,213.41,709.56,145.93,286.25,245.59,3615.47,2906.37,2422.31,8186.11,2373.97,7909.79,4630.13,181456.43,96432.02,92849.6
2023-02-01,2023,2,Q1,怀芷高速,高速运营,8268.84,3403.5,299.22,781.0,175.93,237.64,163.96,3535.51,2886.34,4473.83,8616.96,2498.92,8497.09,4144.84,183744.54,96086.03,92849.6
2023-03-01,2023,3,Q1,怀芷高速,高速运营,8576.42,3225.22,232.22,802.43,239.56,207.84,168.12,4037.25,3110.68,4203.75,9047.81,2623.86,8626.0,3741.17,188597.45,99193.91,92849.6
2023-04-01,2023,4,Q2,怀芷高速,高速运营,8566.48,3202.26,236.06,771.12,153.59,230.07,168.29,4141.66,3274.09,2970.91,9363.21,2715.33,8395.9,3722.03,189194.78,99995.84,92849.6
2023-05-01,2023,5,Q2,怀芷高速,高速运营,8842.62,3736.85,288.41,786.45,170.51,291.23,214.31,3783.47,2943.66,3169.73,9478.66,2748.81,7559.96,4308.46,189902.13,100400.02,92849.6
2023-06-01,2023,6,Q2,怀芷高速,高速运营,9158.63,3785.54,281.62,939.93,202.11,291.26,189.18,3847.35,3013.66,3103.7,9363.21,2715.33,6650.46,3971.67,188148.83,99564.21,92849.6
2023-07-01,2023,7,Q3,怀芷高速,高速运营,8953.17,3404.91,302.16,925.16,262.46,257.53,101.54,3902.48,3041.31,2012.13,9047.81,2623.86,7342.56,3948.37,189052.42,97915.63,92849.6
2023-08-01,2023,8,Q3,怀芷高速,高速运营,9078.3,3690.9,349.78,721.99,196.69,307.73,151.54,3962.76,3140.0,4763.23,8616.96,2498.92,8231.5,3952.14,187730.3,94566.43,93163.87
2023-09-01,2023,9,Q3,怀芷高速,高速运营,8367.86,3452.07,303.15,836.62,162.65,256.64,175.38,3532.1,2738.42,1679.88,8186.11,2373.97,6353.37,5313.27,188808.59,98840.27,92849.6
2023-10-01,2023,10,Q4,怀芷高速,高速运营,7448.01,3217.74,207.88,713.72,134.18,211.9,121.79,3084.38,2368.7,2023.02,7870.71,2282.51,7688.06,4377.6,189004.23,96733.96,92849.6
2023-11-01,2023,11,Q4,怀芷高速,高速运营,7476.95,2967.26,176.09,738.86,188.56,211.49,100.37,3295.07,2530.6,1929.91,7755.26,2249.03,7599.17,3940.24,188394.5,99685.86,92849.6
2023-12-01,2023,12,Q4,怀芷高速,高速运营,7742.36,3028.11,201.61,753.86,194.99,290.48,142.61,3415.92,2654.3,3336.21,7870.71,2282.51,8890.06,4333.91,189908.66,99757.18,92849.6
2024-01-01,2024,1,Q1,怀芷高速,高速运营,8447.03,3457.53,257.59,869.92,167.18,215.13,208.43,3688.11,2947.31,4112.22,8745.34,2566.58,9295.1,5369.29,198834.7,103518.89,95315.81
2024-02-01,2024,2,Q1,怀芷高速,高速运营,9502.94,3708.33,349.74,695.92,243.07,261.83,184.31,4428.36,3399.84,3720.18,9205.62,2701.66,8485.3,4742.55,196731.57,102131.45,94600.12
2024-03-01,2024,3,Q1,怀芷高速,高速运营,9317.54,3603.6,289.81,902.21,236.98,277.42,242.47,4249.98,3314.89,2970.04,9665.9,2836.75,8632.74,5200.05,199552.98,105645.41,93907.57
2024-04-01,2024,4,Q2,怀芷高速,高速运营,9858.97,3907.53,323.17,860.68,238.14,247.89,285.03,4566.59,3625.79,3757.41,10002.85,2935.64,8034.61,4776.85,201011.34,105455.51,95555.83
2024-05-01,2024,5,Q2,怀芷高速,高速运营,9349.83,3707.16,297.49,939.58,152.78,242.34,175.05,4185.54,3153.65,3129.1,10126.18,2971.83,9098.05,5486.1,200045.59,103564.7,96480.89
2024-06-01,2024,6,Q2,怀芷高速,高速运营,9473.28,3701.96,309.6,958.36,208.61,395.52,121.93,4021.15,3215.19,1901.17,10002.85,2935.64,7981.79,4020.94,203260.76,106272.5,96988.26
2024-07-01,2024,7,Q3,怀芷高速,高速运营,8865.48,3620.82,257.42,842.64,129.99,335.94,152.43,3831.09,2947.12,3768.28,9665.9,2836.75,7901.41,4449.02,199205.74,104584.11,94621.64
2024-08-01,2024,8,Q3,怀芷高速,高速运营,8518.32,3427.23,224.7,831.24,226.52,294.7,200.3,3714.24,2823.39,1730.61,9205.62,2701.66,8379.29,4010.1,201256.22,102960.91,98295.32
2024-09-01,2024,9,Q3,怀芷高速,高速运营,8457.25,3553.74,257.87,802.64,176.21,233.33,300.44,3733.9,2935.5,1232.91,8745.34,2566.58,9609.51,5469.39,205639.12,104647.59,100991.53
2024-10-01,2024,10,Q4,怀芷高速,高速运营,8194.36,3026.57,247.05,797.39,170.03,252.39,41.15,3742.07,2892.41,2967.63,8408.39,2467.69,7754.86,4398.78,206362.85,106684.26,99678.59
2024-11-01,2024,11,Q4,怀芷高速,高速运营,7817.65,3160.03,201.62,705.13,178.04,299.36,23.45,3296.93,2623.98,2796.5,8285.05,2431.5,7421.19,4839.17,202801.18,106219.31,96581.87
2024-12-01,2024,12,Q4,怀芷高速,高速运营,8472.38,3064.44,240.32,886.18,179.77,214.97,167.42,4054.12,3178.88,3333.46,8408.39,2467.69,7613.66,3738.63,205389.81,107718.01,97671.8
2025-01-01,2025,1,Q1,怀芷高速,高速运营,8614.16,3531.55,250.94,724.06,155.73,258.8,153.52,3846.6,3017.56,2776.13,9342.2,2774.26,7337.02,4887.5,214874.05,109590.36,105283.69
2025-02-01,2025,2,Q1,怀芷高速,高速运营,9389.04,3646.79,230.39,980.98,150.81,202.93,166.63,4343.76,3425.29,2236.3,9833.89,2920.27,9874.92,5211.79,215140.46,107728.92,107411.54
2025-03-01,2025,3,Q1,怀芷高速,高速运营,9769.81,3933.62,268.33,891.7,199.12,317.64,165.05,4324.45,3401.42,4154.05,10325.59,3066.29,6878.72,5543.07,216169.22,113272.77,102896.45
2025-04-01,2025,4,Q2,怀芷高速,高速运营,10549.17,4347.89,306.8,1151.77,222.63,339.2,238.83,4419.71,3387.04,4266.85,10685.53,3173.18,9195.63,4850.88,214481.12,111612.5,102868.62
2025-05-01,2025,5,Q2,怀芷高速,高速运营,10930.57,4646.67,350.85,1081.4,286.62,292.36,160.81,4433.48,3430.68,3545.94,10817.28,3212.3,12330.91,5415.0,215064.81,107248.2,107816.61
2025-06-01,2025,6,Q2,怀芷高速,高速运营,10414.9,4234.42,259.79,1075.05,256.12,287.85,164.94,4466.61,3398.73,2250.73,10685.53,3173.18,9664.37,4757.59,217824.45,111107.01,106717.44
2025-07-01,2025,7,Q3,怀芷高速,高速运营,10900.28,4283.51,316.11,1166.6,190.01,382.22,255.75,4817.57,3602.91,4088.14,10325.59,3066.29,9116.09,5411.42,219080.41,110795.17,108285.24
2025-08-01,2025,8,Q3,怀芷高速,高速运营,9711.76,4088.1,328.37,816.67,158.56,275.3,270.03,4314.79,3215.24,4583.81,9833.89,2920.27,9161.54,3626.74,219558.19,112051.35,107506.84
2025-09-01,2025,9,Q3,怀芷高速,高速运营,9021.89,3788.83,281.18,736.59,221.26,246.19,51.26,3799.1,2987.52,4287.73,9342.2,2774.26,9035.27,4776.84,217561.2,112450.44,105110.76
2025-10-01,2025,10,Q4,怀芷高速,高速运营,8649.12,3496.59,277.32,761.77,192.32,256.08,192.39,3857.44,2881.56,2474.79,8982.25,2667.37,8708.96,5073.6,216010.81,108133.61,107877.2
2025-11-01,2025,11,Q4,怀芷高速,高速运营,8402.6,3465.05,264.15,790.56,181.17,239.55,141.35,3603.48,2731.87,3553.14,8850.5,2628.25,9862.21,4523.09,217901.33,109619.53,108281.8
2025-12-01,2025,12,Q4,怀芷高速,高速运营,8800.61,3620.19,258.2,837.37,202.11,239.93,136.38,3779.2,2997.53,2721.74,8982.25,2667.37,8116.72,4988.41,219056.06,112431.34,106624.72
2026-01-01,2026,1,Q1,怀芷高速,高速运营,9606.23,3851.84,303.08,908.73,159.67,331.84,201.96,4253.04,3364.9,3899.31,9979.2,2998.15,10144.58,5537.95,231695.87,119362.52,112333.35
2026-02-01,2026,2,Q1,怀芷高速,高速运营,10101.43,4324.65,277.05,1041.57,169.32,340.93,350.87,4298.78,3403.14,2703.85,10504.42,3155.95,6957.92,5079.02,230068.87,115785.64,114283.24
2026-03-01,2026,3,Q1,怀芷高速,高速运营,11595.08,4515.57,348.07,1178.27,242.84,402.04,156.72,5065.0,3813.82,4355.24,11029.64,3313.74,11485.96,5648.73,233663.53,117420.11,116243.42
2026-04-01,2026,4,Q2,怀芷高速,高速运营,11099.91,4335.65,370.02,986.59,231.75,446.34,258.08,4987.65,3836.03,3497.51,11414.13,3429.26,9071.31,5039.27,230719.1,114549.74,116169.36
2026-05-01,2026,5,Q2,怀芷高速,高速运营,11141.43,4762.31,367.95,925.75,267.0,468.86,133.38,4482.94,3474.18,2393.75,11554.86,3471.54,10168.41,4382.52,232030.62,117874.85,114155.76
2026-06-01,2026,6,Q2,怀芷高速,高速运营,11286.4,4637.26,376.18,984.17,268.46,345.07,200.56,4875.83,3817.28,4301.76,11414.13,3429.26,9651.26,5106.12,235265.32,118592.24,116673.09
2023-01-01,2023,1,Q1,现代财富,金融服务,5789.58,2331.87,216.37,628.33,103.84,237.78,121.94,2393.34,1876.76,1966.21,6139.58,1350.71,6289.24,2915.51,165430.35,92266.55,81142.96
2023-02-01,2023,2,Q1,现代财富,金融服务,5898.29,2314.76,185.53,600.14,121.49,201.14,147.0,2622.22,2052.99,1572.72,6462.72,1421.8,6901.49,3160.32,165549.85,92033.04,81142.96
2023-03-01,2023,3,Q1,现代财富,金融服务,6679.69,2897.49,235.9,591.38,150.52,309.22,158.77,2653.94,2024.58,1689.47,6785.86,1492.89,6953.35,2939.82,167209.76,92066.16,81142.96
2023-04-01,2023,4,Q2,现代财富,金融服务,6789.93,3032.27,234.77,646.29,191.91,301.98,103.83,2486.55,1886.1,1886.16,7022.41,1544.93,5789.58,3518.04,169452.41,94010.57,81142.96
2023-05-01,2023,5,Q2,现代财富,金融服务,7162.19,2996.1,252.05,688.02,156.21,258.6,105.52,2916.72,2397.99,2324.53,7108.99,1563.98,6484.29,3031.19,169902.45,94663.96,81142.96
2023-06-01,2023,6,Q2,现代财富,金融服务,7208.93,3054.97,234.9,615.03,177.09,203.28,123.68,3047.32,2399.64,2098.3,7022.41,1544.93,6115.98,3339.31,168110.85,92689.04,81142.96
2023-07-01,2023,7,Q3,现代财富,金融服务,6323.28,2569.38,258.74,546.35,146.33,239.53,144.9,2707.85,2199.51,1146.99,6785.86,1492.89,5162.23,3488.1,166833.97,93301.22,81142.96
2023-08-01,2023,8,Q3,现代财富,金融服务,6319.25,2668.49,135.91,569.26,150.44,182.98,75.25,2687.43,2157.98,2080.27,6462.72,1421.8,7510.5,3253.76,170646.44,93794.01,81142.96
2023-09-01,2023,9,Q3,现代财富,金融服务,5940.46,2345.05,161.65,575.17,119.59,218.36,142.68,2663.33,2067.48,1188.75,6139.58,1350.71,6257.07,3049.36,170932.57,95607.91,81142.96
2023-10-01,2023,10,Q4,现代财富,金融服务,5895.2,2438.66,183.87,538.34,121.4,164.69,105.99,2554.22,1918.49,1855.69,5903.03,1298.67,5446.35,3067.5,170804.58,95238.38,81142.96
2023-11-01,2023,11,Q4,现代财富,金融服务,5752.98,2244.54,177.84,454.44,120.91,142.09,84.0,2697.15,2046.72,1855.64,5816.45,1279.62,5600.7,3650.83,169348.2,95459.31,81142.96
2023-12-01,2023,12,Q4,现代财富,金融服务,6142.89,2491.2,172.65,614.61,147.95,175.35,139.17,2680.31,2095.5,1817.95,5903.03,1298.67,6720.11,2831.83,174099.84,94798.92,81142.96
2024-01-01,2024,1,Q1,现代财富,金融服务,6379.54,2753.37,180.47,614.98,113.04,263.34,84.83,2539.17,2028.94,1697.98,6559.0,1460.3,6747.64,3652.34,178606.47,96609.26,81997.21
2024-02-01,2024,2,Q1,现代财富,金融服务,6935.98,3036.31,238.6,742.71,180.52,197.76,52.96,2593.06,1943.75,2009.76,6904.21,1537.15,5929.7,4128.54,177703.46,96226.23,81477.23
2024-03-01,2024,3,Q1,现代财富,金融服务,6654.3,2530.78,207.03,739.11,114.02,246.73,114.97,2931.61,2217.83,2253.62,7249.42,1614.01,7544.84,3398.59,180508.12,95098.26,85409.85
2024-04-01,2024,4,Q2,现代财富,金融服务,7159.19,2875.9,202.47,585.82,146.81,262.82,109.55,3194.93,2555.57,2852.93,7502.13,1670.28,6435.86,3167.89,180236.51,97801.28,82435.22
2024-05-01,2024,5,Q2,现代财富,金融服务,7231.25,3024.41,213.91,784.11,157.93,210.84,125.96,2966.01,2319.17,3226.96,7594.63,1690.87,7398.63,3252.97,181134.98,99159.62,81975.36
2024-06-01,2024,6,Q2,现代财富,金融服务,7330.53,3194.77,227.4,693.62,100.12,279.58,174.1,3009.14,2326.45,2733.87,7502.13,1670.28,7207.27,3541.43,181112.28,98457.91,82654.37
2024-07-01,2024,7,Q3,现代财富,金融服务,7064.42,3110.02,194.87,615.32,110.75,217.11,174.22,2990.57,2310.43,2740.5,7249.42,1614.01,6642.47,3642.12,182022.52,99323.61,82698.92
2024-08-01,2024,8,Q3,现代财富,金融服务,6679.98,2744.27,204.33,562.36,148.19,196.52,227.35,3051.66,2412.99,2763.18,6904.21,1537.15,6574.66,3365.65,180923.77,97670.35,83253.42
2024-09-01,2024,9,Q3,现代财富,金融服务,6759.11,3002.67,223.11,654.53,130.26,231.9,111.86,2628.52,2001.23,1535.51,6559.0,1460.3,6732.66,3157.67,183796.68,99490.06,84306.62
2024-10-01,2024,10,Q4,现代财富,金融服务,6419.14,2665.72,203.08,589.59,107.47,269.54,201.02,2784.76,2137.73,2325.45,6306.29,1404.03,7507.09,3796.89,181719.78,99630.77,82089.01
2024-11-01,2024,11,Q4,现代财富,金融服务,6376.34,2526.54,190.7,551.02,91.13,189.63,145.81,2973.13,2403.21,2011.23,6213.79,1383.44,5792.74,3769.67,184885.08,99443.62,85441.46
2024-12-01,2024,12,Q4,现代财富,金融服务,6026.9,2445.61,250.95,569.6,131.38,203.9,102.78,2528.24,2019.0,2164.16,6306.29,1404.03,6030.85,3539.37,186195.18,103352.56,82842.63
2025-01-01,2025,1,Q1,现代财富,金融服务,6198.9,2611.82,186.53,675.64,113.65,199.49,123.29,2535.05,2013.24,1711.7,7006.65,1578.46,6779.81,3222.03,191311.44,101391.94,89919.49
2025-02-01,2025,2,Q1,现代财富,金融服务,7183.98,2956.04,193.81,732.03,157.79,262.88,98.21,2979.65,2286.27,2230.5,7375.42,1661.53,6736.1,3284.56,195617.94,103507.79,92110.15
2025-03-01,2025,3,Q1,现代财富,金融服务,7535.37,2906.86,210.04,762.59,89.6,244.28,137.16,3459.15,2717.28,3865.63,7744.19,1744.61,6457.34,4225.36,193477.67,104424.17,89053.5
2025-04-01,2025,4,Q2,现代财富,金融服务,7741.71,3169.11,289.19,670.38,119.48,296.44,88.49,3285.6,2637.15,2094.3,8014.15,1805.43,6401.87,3742.52,191201.18,100651.08,90550.1
2025-05-01,2025,5,Q2,现代财富,金融服务,7633.11,3304.23,250.51,833.09,151.33,277.49,160.11,2976.56,2289.15,2227.15,8112.96,1827.69,4960.38,3790.12,194420.63,104553.69,89866.94
2025-06-01,2025,6,Q2,现代财富,金融服务,7612.24,3329.92,236.3,825.87,121.94,300.08,68.66,2866.79,2203.81,2573.11,8014.15,1805.43,6791.59,4046.03,196823.83,106405.02,90418.81
2025-07-01,2025,7,Q3,现代财富,金融服务,7305.77,2806.05,211.5,720.65,130.74,220.86,143.62,3359.59,2545.7,2158.46,7744.19,1744.61,7054.87,3655.0,194789.87,101418.84,93371.03
2025-08-01,2025,8,Q3,现代财富,金融服务,6984.6,2957.67,265.53,706.09,154.07,270.22,112.01,2743.04,2107.76,2344.51,7375.42,1661.53,7871.09,3730.84,192800.34,103165.04,89635.3
2025-09-01,2025,9,Q3,现代财富,金融服务,6195.1,2709.27,204.98,648.54,61.95,197.79,128.99,2501.56,1947.24,1483.5,7006.65,1578.46,6287.57,3147.28,197166.33,103128.18,94038.15
2025-10-01,2025,10,Q4,现代财富,金融服务,6865.54,2767.21,231.68,597.27,134.28,226.08,162.5,3071.51,2402.56,1272.17,6736.69,1517.64,7555.6,3701.03,196906.17,105949.45,90956.71
2025-11-01,2025,11,Q4,现代财富,金融服务,6385.67,2557.05,162.78,614.33,133.11,248.81,164.69,2834.28,2222.96,1573.3,6637.88,1495.38,6829.7,3953.85,195811.67,106420.47,89391.2
2025-12-01,2025,12,Q4,现代财富,金融服务,6334.26,2640.66,203.07,588.54,125.8,199.17,138.41,2715.42,2118.45,1942.05,6736.69,1517.64,7025.58,4077.0,198990.97,104136.49,94854.48
2026-01-01,2026,1,Q1,现代财富,金融服务,7271.55,2833.61,241.56,794.11,173.27,265.64,94.04,3057.4,2416.09,2169.76,7484.4,1705.84,7340.99,4248.4,206891.22,112147.72,94743.51
2026-02-01,2026,2,Q1,现代财富,金融服务,7519.58,3329.43,244.16,744.55,169.93,166.23,172.03,3037.31,2420.49,3485.72,7878.31,1795.63,5847.76,4322.89,206066.09,106673.73,99392.36
2026-03-01,2026,3,Q1,现代财富,金融服务,8048.74,3378.76,210.97,761.58,165.85,268.46,197.8,3460.93,2655.43,1788.13,8272.23,1885.41,6370.79,3581.79,206047.81,108503.72,97544.09
2026-04-01,2026,4,Q2,现代财富,金融服务,8461.45,3599.69,216.91,857.91,133.45,210.11,25.38,3468.76,2610.78,2677.28,8560.6,1951.13,7136.42,4246.66,207167.1,108038.51,99128.59
2026-05-01,2026,5,Q2,现代财富,金融服务,8805.68,3771.06,333.09,878.4,150.64,333.81,175.87,3514.55,2794.35,3172.83,8666.14,1975.19,7710.12,3814.7,208653.92,109381.44,99272.48
2026-06-01,2026,6,Q2,现代财富,金融服务,7847.15,3247.58,246.61,708.52,167.02,243.81,177.55,3411.16,2670.6,2048.41,8560.6,1951.13,7846.51,3860.14,214168.17,112627.5,101540.67
2023-01-01,2023,1,Q1,大有期货,金融服务,6701.29,2720.3,248.69,658.0,119.36,229.29,164.12,2889.77,2258.95,1276.81,7077.58,1273.96,9370.96,2936.97,208200.11,118668.7,104303.4
2023-02-01,2023,2,Q1,大有期货,金融服务,7223.21,3296.68,250.51,723.05,119.16,298.94,125.18,2660.08,2104.24,1572.4,7450.08,1341.01,6657.06,3722.72,209039.44,119775.38,104303.4
2023-03-01,2023,3,Q1,大有期货,金融服务,7474.85,2988.67,294.95,711.5,94.66,266.69,89.61,3207.99,2618.72,3709.24,7822.58,1408.07,6397.14,3822.75,209436.02,118851.43,104303.4
2023-04-01,2023,4,Q2,大有期货,金融服务,8615.36,3630.43,268.56,870.15,195.82,293.06,186.23,3543.56,2875.44,2761.78,8095.28,1457.15,7016.6,4017.24,212882.05,122156.24,104303.4
2023-05-01,2023,5,Q2,大有期货,金融服务,8080.78,3562.29,234.7,762.32,135.12,339.46,126.49,3173.39,2447.81,2840.7,8195.09,1475.12,6049.8,3626.24,209874.16,122743.38,104303.4
2023-06-01,2023,6,Q2,大有期货,金融服务,7419.51,3092.81,259.46,699.68,108.11,290.23,168.88,3138.11,2441.48,1389.87,8095.28,1457.15,6308.97,2924.66,206708.51,119484.3,104303.4
2023-07-01,2023,7,Q3,大有期货,金融服务,7042.18,3122.91,202.88,680.62,159.94,369.56,161.84,2668.11,2116.21,2651.47,7822.58,1408.07,7538.71,3553.88,210552.16,122163.08,104303.4
2023-08-01,2023,8,Q3,大有期货,金融服务,7414.37,2877.89,212.49,666.43,90.51,299.27,140.9,3408.67,2569.98,2141.99,7450.08,1341.01,8586.42,4132.15,207932.41,119227.06,104303.4
2023-09-01,2023,9,Q3,大有期货,金融服务,6582.7,2757.02,243.57,616.53,102.29,239.65,171.78,2795.42,2091.92,2236.01,7077.58,1273.96,7920.56,3320.4,214850.26,128117.41,104303.4
2023-10-01,2023,10,Q4,大有期货,金融服务,6816.37,3090.39,222.12,670.63,114.66,322.39,137.15,2533.34,2053.43,1342.75,6804.88,1224.88,6529.59,2815.36,213034.77,119756.71,104303.4
2023-11-01,2023,11,Q4,大有期货,金融服务,6613.58,3003.43,199.91,648.59,149.2,284.11,178.92,2507.26,1937.04,2301.07,6705.07,1206.91,7923.35,3275.35,210930.81,121122.0,104303.4
2023-12-01,2023,12,Q4,大有期货,金融服务,7164.56,2977.2,188.93,677.31,146.04,241.44,153.0,3086.63,2416.52,2165.51,6804.88,1224.88,8284.59,3651.75,216010.96,122962.67,104303.4
2024-01-01,2024,1,Q1,大有期货,金融服务,7598.77,3181.26,218.64,752.55,232.73,234.26,166.49,3145.82,2555.76,2914.28,7561.07,1377.32,7983.39,4133.25,220686.99,126007.95,104303.4
2024-02-01,2024,2,Q1,大有期货,金融服务,7926.71,3249.52,196.43,734.1,171.59,322.94,159.23,3411.37,2645.62,1508.91,7959.02,1449.82,7711.01,3435.88,222350.23,125594.63,104303.4
2024-03-01,2024,3,Q1,大有期货,金融服务,7693.18,3419.43,210.48,674.05,191.76,264.79,44.4,2977.09,2241.0,2908.75,8356.97,1522.31,8325.41,3434.51,223109.4,129190.46,104303.4
2024-04-01,2024,4,Q2,大有期货,金融服务,8760.06,3685.97,308.04,754.04,159.44,353.05,162.89,3662.42,2810.41,3059.77,8648.29,1575.37,7859.15,4135.43,223800.89,128640.94,104303.4
2024-05-01,2024,5,Q2,大有期货,金融服务,8966.4,3757.86,322.51,674.89,195.28,304.78,222.27,3933.34,3046.43,2033.17,8754.92,1594.8,7260.92,3372.68,227754.68,129698.96,104303.4
2024-06-01,2024,6,Q2,大有期货,金融服务,8396.21,3637.35,255.65,828.79,207.21,328.04,169.78,3308.96,2536.26,3044.23,8648.29,1575.37,8061.62,4806.19,222718.53,127818.43,104303.4
2024-07-01,2024,7,Q3,大有期货,金融服务,8354.74,3480.75,237.47,851.23,177.55,321.38,215.58,3501.94,2724.0,2804.0,8356.97,1522.31,8245.37,3255.76,222522.82,122180.81,104303.4
2024-08-01,2024,8,Q3,大有期货,金融服务,7887.76,3319.26,312.78,693.73,104.79,355.39,180.73,3282.53,2629.28,2204.4,7959.02,1449.82,7709.26,4008.61,226102.96,128813.22,104303.4
2024-09-01,2024,9,Q3,大有期货,金融服务,7458.4,2879.22,276.27,650.29,149.15,303.04,201.24,3401.67,2562.31,3388.44,7561.07,1377.32,8435.2,4412.84,229255.13,131628.89,104303.4
2024-10-01,2024,10,Q4,大有期货,金融服务,6923.74,2882.02,193.24,730.17,166.8,301.32,148.71,2798.91,2243.35,2339.28,7269.75,1324.26,8385.17,4226.97,229496.67,130316.2,104303.4
2024-11-01,2024,11,Q4,大有期货,金融服务,6743.78,3043.56,215.72,751.77,165.58,189.82,88.54,2465.87,1908.51,1348.0,7163.12,1304.83,6104.81,5060.33,227551.63,130270.24,104303.4
2024-12-01,2024,12,Q4,大有期货,金融服务,6902.72,2905.79,248.26,613.06,94.66,298.27,185.5,2928.18,2212.43,1920.88,7269.75,1324.26,8005.01,3700.15,227698.15,128074.62,104303.4
2025-01-01,2025,1,Q1,大有期货,金融服务,7830.44,3365.41,280.42,605.6,134.95,350.09,142.11,3236.08,2514.19,2349.39,8077.11,1488.77,7112.94,3573.91,239156.79,135573.13,104303.4
2025-02-01,2025,2,Q1,大有期货,金融服务,8425.17,3605.77,270.0,792.85,158.52,382.54,31.63,3247.11,2565.87,1909.26,8502.22,1567.13,8868.76,3816.73,242710.15,136620.38,106089.77
2025-03-01,2025,3,Q1,大有期货,金融服务,8220.67,3682.33,271.38,717.69,145.77,290.6,134.51,3247.41,2695.35,2201.08,8927.33,1645.49,6546.33,3841.11,242603.38,137117.5,105485.88
2025-04-01,2025,4,Q2,大有期货,金融服务,9394.79,3980.88,333.21,985.77,182.76,324.4,170.56,3758.33,3020.35,2637.93,9238.53,1702.85,8243.31,4387.3,240726.18,130318.8,110407.38
2025-05-01,2025,5,Q2,大有期货,金融服务,8780.33,3836.06,338.72,741.15,148.66,393.11,126.05,3448.69,2699.39,3059.0,9352.44,1723.84,9012.48,3682.55,247026.53,136077.42,110949.11
2025-06-01,2025,6,Q2,大有期货,金融服务,8784.35,3753.63,293.47,748.77,216.56,340.84,135.79,3566.87,2743.36,2680.63,9238.53,1702.85,8509.25,3775.91,244713.52,133181.04,111532.48
2025-07-01,2025,7,Q3,大有期货,金融服务,9204.44,3731.91,331.03,969.67,161.34,389.32,160.02,3781.19,2808.47,3397.03,8927.33,1645.49,8622.15,5056.8,243035.4,135554.55,107480.84
2025-08-01,2025,8,Q3,大有期货,金融服务,7954.17,3476.35,202.41,815.54,203.23,339.98,109.76,3026.43,2354.39,2300.5,8502.22,1567.13,7046.94,4881.63,246200.18,135641.49,110558.68
2025-09-01,2025,9,Q3,大有期货,金融服务,8072.23,3419.47,273.09,747.02,205.12,379.49,143.11,3191.17,2453.59,1762.7,8077.11,1488.77,7925.61,4645.75,242663.63,135044.9,107618.74
2025-10-01,2025,10,Q4,大有期货,金融服务,7529.61,3146.32,198.83,745.37,165.09,315.62,124.81,3083.2,2421.16,2617.63,7765.9,1431.41,7540.94,4385.72,240560.18,133021.33,107538.85
2025-11-01,2025,11,Q4,大有期货,金融服务,6501.99,2798.24,210.77,604.33,74.39,291.31,146.87,2669.83,2107.05,2930.95,7652.0,1410.42,8075.39,5232.55,248277.79,133520.46,114757.32
2025-12-01,2025,12,Q4,大有期货,金融服务,8030.69,3366.14,281.14,838.16,200.71,299.86,170.18,3214.85,2500.93,2449.71,7765.9,1431.41,6301.99,4395.37,247926.73,137560.85,110365.88
2026-01-01,2026,1,Q1,大有期货,金融服务,8371.79,3742.32,280.94,838.32,180.25,316.67,178.95,3192.25,2491.13,1728.31,8627.85,1608.92,8774.82,4937.39,257924.48,145464.82,112459.66
2026-02-01,2026,2,Q1,大有期货,金融服务,8721.27,3731.81,279.04,837.82,236.2,371.75,100.55,3365.19,2686.35,3753.05,9081.94,1693.6,8529.07,4821.45,259758.02,145051.17,114706.85
2026-03-01,2026,3,Q1,大有期货,金融服务,9696.25,4178.55,337.64,806.44,186.21,442.22,201.83,3947.01,2961.09,3782.87,9536.04,1778.28,8872.65,4327.66,260952.85,148050.5,112902.35
2026-04-01,2026,4,Q2,大有期货,金融服务,9800.45,4171.42,307.61,958.45,106.17,397.26,155.81,4015.35,3163.95,3277.25,9868.46,1840.27,9489.95,4472.7,259230.4,143504.18,115726.22
2026-05-01,2026,5,Q2,大有期货,金融服务,9147.83,3697.91,287.25,926.42,136.21,309.1,247.02,4037.97,3159.47,2867.52,9990.14,1862.96,8967.74,4878.65,258216.19,143549.24,114666.94
2026-06-01,2026,6,Q2,大有期货,金融服务,9385.19,4123.66,293.12,870.56,151.36,493.21,110.27,3563.55,2750.08,3334.04,9868.46,1840.27,9983.62,5106.3,256336.77,143335.59,113001.18
2023-01-01,2023,1,Q1,现代新能源,新能源,4683.82,2069.92,164.58,357.97,205.79,207.83,132.52,1810.27,1384.75,1150.68,4945.78,791.32,5940.73,2285.2,184795.46,110913.74,92922.93
2023-02-01,2023,2,Q1,现代新能源,新能源,4903.7,2175.91,139.42,444.63,209.26,253.86,147.61,1828.23,1477.69,1220.1,5206.08,832.97,4999.8,2976.27,183960.21,108704.04,92922.93
2023-03-01,2023,3,Q1,现代新能源,新能源,5311.59,2137.7,190.13,464.89,248.96,269.53,131.67,2132.06,1719.52,1682.48,5466.38,874.62,5985.22,2467.59,185231.11,111413.72,92922.93
2023-04-01,2023,4,Q2,现代新能源,新能源,5093.13,2149.73,134.78,447.65,222.35,208.34,90.42,2020.7,1637.17,2298.68,5656.94,905.11,5133.77,2107.53,187549.52,113566.96,92922.93
2023-05-01,2023,5,Q2,现代新能源,新能源,5409.05,2318.23,188.58,591.09,269.99,247.12,79.83,1873.88,1480.85,1538.5,5726.69,916.27,5410.41,2911.68,186793.18,110531.14,92922.93
2023-06-01,2023,6,Q2,现代新能源,新能源,5316.57,2260.85,177.38,493.33,274.75,240.7,151.19,2020.75,1601.87,700.97,5656.94,905.11,3823.37,2455.01,189143.79,113292.74,92922.93
2023-07-01,2023,7,Q3,现代新能源,新能源,5608.57,2349.29,171.84,539.6,264.12,257.61,163.88,2189.98,1688.12,1845.21,5466.38,874.62,4962.2,2740.51,186868.98,113223.72,92922.93
2023-08-01,2023,8,Q3,现代新能源,新能源,4796.79,2134.63,156.72,466.73,198.19,198.56,102.34,1744.3,1396.04,1398.6,5206.08,832.97,5023.91,2689.58,192702.11,113520.37,92922.93
2023-09-01,2023,9,Q3,现代新能源,新能源,4932.72,2197.34,136.4,458.85,251.18,197.37,67.65,1759.23,1419.5,1762.86,4945.78,791.32,4740.92,2865.87,187982.77,114170.46,92922.93
2023-10-01,2023,10,Q4,现代新能源,新能源,5023.56,2054.89,172.16,475.87,221.08,202.87,88.57,1985.26,1507.23,1692.06,4755.22,760.84,4683.14,2248.01,190943.26,115116.91,92922.93
2023-11-01,2023,11,Q4,现代新能源,新能源,4669.35,1978.14,130.16,460.09,224.3,225.1,102.53,1754.1,1358.19,1651.88,4685.47,749.68,4254.55,2026.64,192850.64,117636.08,92922.93
2023-12-01,2023,12,Q4,现代新能源,新能源,4640.35,2035.71,136.19,446.32,225.68,164.37,35.71,1667.8,1327.9,1286.8,4755.22,760.84,5170.9,2593.17,192021.62,116335.59,92922.93
2024-01-01,2024,1,Q1,现代新能源,新能源,5219.78,2168.48,151.74,471.59,281.77,258.64,164.52,2052.09,1550.88,1719.38,5283.64,855.53,5440.13,2789.03,200838.46,122240.8,92922.93
2024-02-01,2024,2,Q1,现代新能源,新能源,5743.19,2737.81,204.99,572.49,243.38,283.17,190.21,1891.56,1470.76,1007.32,5561.73,900.55,4462.53,3003.2,200454.14,118638.59,92922.93
2024-03-01,2024,3,Q1,现代新能源,新能源,5269.96,2158.74,130.48,546.49,204.41,261.89,130.21,2098.16,1669.7,1798.61,5839.81,945.58,5521.46,2874.58,201071.02,119048.28,92922.93
2024-04-01,2024,4,Q2,现代新能源,新能源,5714.77,2365.43,179.51,518.47,254.31,262.41,104.93,2239.57,1777.28,2185.3,6043.39,978.55,3787.42,2855.81,200090.23,118318.15,92922.93
2024-05-01,2024,5,Q2,现代新能源,新能源,5866.61,2427.79,197.64,557.26,260.94,196.39,165.49,2392.08,1912.46,2964.32,6117.9,990.61,5570.59,2381.5,201153.66,120711.1,92922.93
2024-06-01,2024,6,Q2,现代新能源,新能源,5945.84,2598.25,141.93,622.17,271.45,241.16,142.91,2213.79,1716.43,2622.82,6043.39,978.55,4981.26,2897.38,206504.04,119497.72,92922.93
2024-07-01,2024,7,Q3,现代新能源,新能源,5406.16,2302.19,198.41,536.13,244.37,270.95,32.56,1886.67,1471.18,1843.41,5839.81,945.58,4225.21,2862.12,202839.09,119330.48,92922.93
2024-08-01,2024,8,Q3,现代新能源,新能源,5114.04,2295.51,147.49,500.78,248.98,278.09,81.91,1725.11,1336.3,1370.93,5561.73,900.55,5520.11,2585.19,206844.71,122323.29,92922.93
2024-09-01,2024,9,Q3,现代新能源,新能源,4916.32,2148.16,139.66,460.07,213.85,231.51,90.15,1813.21,1404.18,2144.19,5283.64,855.53,5733.53,3036.23,205594.41,124161.91,92922.93
2024-10-01,2024,10,Q4,现代新能源,新能源,4784.87,2058.71,133.42,457.63,232.59,221.9,107.32,1787.94,1425.74,1077.22,5080.07,822.56,5123.63,2550.05,204747.86,121820.75,92922.93
2024-11-01,2024,11,Q4,现代新能源,新能源,4661.75,2215.92,165.69,433.41,212.74,152.84,106.74,1587.89,1288.83,1168.49,5005.55,810.5,3909.8,2843.52,200649.24,118034.04,92922.93
2024-12-01,2024,12,Q4,现代新能源,新能源,5127.83,2282.01,140.38,441.41,235.09,257.86,122.94,1894.01,1467.91,1478.03,5080.07,822.56,5604.31,3111.52,205120.86,121716.56,92922.93
2025-01-01,2025,1,Q1,现代新能源,新能源,5454.61,2470.05,192.36,596.4,256.33,244.86,106.9,1801.51,1415.55,1198.16,5644.24,924.75,5865.47,3268.56,216594.68,124580.87,92922.93
2025-02-01,2025,2,Q1,现代新能源,新能源,6214.24,2663.58,220.57,559.15,262.55,272.2,142.73,2378.93,1847.68,1586.09,5941.31,973.42,5782.04,2704.03,216416.57,127744.2,92922.93
2025-03-01,2025,3,Q1,现代新能源,新能源,5899.91,2542.06,165.21,575.49,273.52,257.72,91.38,2177.29,1707.95,1765.28,6238.37,1022.1,5549.37,3017.52,217778.09,127923.77,92922.93
2025-04-01,2025,4,Q2,现代新能源,新能源,6528.58,3103.17,206.79,589.05,309.5,253.59,102.7,2169.18,1653.91,1679.32,6455.84,1057.73,4768.09,3474.59,217916.18,125674.94,92922.93
2025-05-01,2025,5,Q2,现代新能源,新能源,6279.24,2595.21,251.46,612.44,279.94,296.53,105.2,2348.86,1807.82,2061.69,6535.44,1070.77,5582.8,3304.06,219827.87,127569.57,92922.93
2025-06-01,2025,6,Q2,现代新能源,新能源,6634.5,2949.41,196.7,666.78,291.38,241.95,131.36,2419.63,1878.28,2137.34,6455.84,1057.73,5643.65,2228.59,217592.49,128187.09,92922.93
2025-07-01,2025,7,Q3,现代新能源,新能源,5834.6,2804.69,206.45,527.6,258.38,235.17,120.11,1922.42,1532.99,2168.85,6238.37,1022.1,5793.95,2510.67,216710.71,124751.17,92922.93
2025-08-01,2025,8,Q3,现代新能源,新能源,5461.85,2407.76,148.03,484.99,226.08,174.26,87.57,2108.3,1675.58,2515.58,5941.31,973.42,5601.32,2877.09,218853.07,128219.96,92922.93
2025-09-01,2025,9,Q3,现代新能源,新能源,5754.83,2273.98,155.62,558.81,244.49,223.48,126.71,2425.17,1870.77,1790.74,5644.24,924.75,6018.29,3068.32,216279.11,124753.92,92922.93
2025-10-01,2025,10,Q4,现代新能源,新能源,5022.59,2121.99,138.88,480.03,214.54,204.93,69.19,1931.41,1516.58,1892.03,5426.78,889.12,5477.95,2900.78,217347.24,129622.52,92922.93
2025-11-01,2025,11,Q4,现代新能源,新能源,5047.1,2336.89,170.45,496.57,251.72,233.24,67.43,1625.66,1319.16,1749.52,5347.18,876.08,5475.29,2607.86,222410.74,126761.37,95649.37
2025-12-01,2025,12,Q4,现代新能源,新能源,5506.79,2356.77,131.03,512.63,195.3,245.06,88.47,2154.47,1671.82,1344.36,5426.78,889.12,6564.44,3043.88,218377.86,126922.09,92922.93
2026-01-01,2026,1,Q1,现代新能源,新能源,5736.69,2471.46,211.38,507.62,239.45,200.48,96.62,2202.93,1627.92,1119.0,6029.1,999.38,6362.07,3200.35,230949.27,129835.76,101113.51
2026-02-01,2026,2,Q1,现代新能源,新能源,6234.91,2716.03,211.92,589.3,291.92,273.97,58.27,2210.06,1737.12,1913.85,6346.42,1051.98,4698.48,2849.15,234146.78,133150.26,100996.52
2026-03-01,2026,3,Q1,现代新能源,新能源,6383.02,2723.46,226.71,647.6,281.05,329.28,76.49,2251.41,1746.38,1354.23,6663.74,1104.58,5744.25,3503.53,234094.81,135845.69,98249.11
2026-04-01,2026,4,Q2,现代新能源,新能源,7000.97,3189.27,238.51,527.99,278.08,381.45,120.45,2506.13,1990.08,1384.23,6896.04,1143.09,5363.45,2754.95,235206.8,135161.82,100044.98
2026-05-01,2026,5,Q2,现代新能源,新能源,6513.13,2812.09,240.39,714.23,285.61,283.63,136.14,2313.32,1808.48,1397.65,6981.06,1157.18,5000.6,3233.3,234850.88,138206.0,96644.88
2026-06-01,2026,6,Q2,现代新能源,新能源,6730.03,2952.3,199.6,653.43,304.35,316.41,124.25,2428.18,1894.64,2850.86,6896.04,1143.09,5460.49,3600.38,237828.24,137720.68,100107.57
2023-01-01,2023,1,Q1,现代资产,资产经营,4981.53,1902.08,160.03,487.11,96.75,188.5,87.43,2234.49,1736.72,1862.5,5627.95,1125.59,4999.12,2567.15,223772.9,140220.14,111792.95
2023-02-01,2023,2,Q1,现代资产,资产经营,5914.64,2601.13,133.77,675.24,104.55,301.92,92.51,2190.56,1758.35,1334.51,5924.16,1184.83,5885.89,3127.92,227978.6,145475.21,111792.95
2023-03-01,2023,3,Q1,现代资产,资产经营,6090.17,2479.14,163.68,555.35,129.84,239.46,164.59,2687.29,2108.02,2319.25,6220.37,1244.07,5679.19,2990.58,226867.67,142529.34,111792.95
2023-04-01,2023,4,Q2,现代资产,资产经营,6774.34,2958.53,199.08,626.47,134.86,347.94,141.86,2649.33,2044.86,2324.82,6437.21,1287.44,4982.13,2979.38,225420.6,141315.0,111792.95
2023-05-01,2023,5,Q2,现代资产,资产经营,6521.97,2854.24,210.74,627.25,128.09,310.96,158.01,2548.7,1905.17,2746.58,6516.58,1303.32,5717.21,2570.14,226399.12,142182.32,111792.95
2023-06-01,2023,6,Q2,现代资产,资产经营,6253.38,2719.48,217.32,654.53,98.08,246.75,68.22,2385.44,1949.3,1293.21,6437.21,1287.44,4904.81,3147.18,226059.06,143874.01,111792.95
2023-07-01,2023,7,Q3,现代资产,资产经营,6001.26,2326.01,167.28,628.91,93.82,283.72,115.46,2616.98,1968.71,2408.86,6220.37,1244.07,5686.67,3012.92,225529.75,140100.82,111792.95
2023-08-01,2023,8,Q3,现代资产,资产经营,6111.13,2622.02,228.06,555.15,154.19,292.62,191.98,2451.08,2007.47,1499.33,5924.16,1184.83,5375.1,2810.98,225029.04,143354.73,111792.95
2023-09-01,2023,9,Q3,现代资产,资产经营,5469.09,2292.83,170.62,485.09,138.9,260.72,145.87,2266.78,1799.88,1744.87,5627.95,1125.59,5882.6,2335.04,226080.17,142271.24,111792.95
2023-10-01,2023,10,Q4,现代资产,资产经营,5341.62,2375.55,106.83,543.27,90.39,238.86,113.97,2100.68,1628.43,1104.75,5411.11,1082.22,6176.48,2493.98,223696.61,139189.8,111792.95
2023-11-01,2023,11,Q4,现代资产,资产经营,4787.24,2154.35,154.36,463.36,90.77,217.63,71.05,1777.82,1398.31,1609.32,5331.74,1066.35,6690.98,3217.4,228936.31,144284.96,111792.95
2023-12-01,2023,12,Q4,现代资产,资产经营,5533.12,2468.25,160.82,554.86,97.09,303.12,77.22,2026.18,1534.35,1591.05,5411.11,1082.22,5195.63,3038.62,224912.91,139730.9,111792.95
2024-01-01,2024,1,Q1,现代资产,资产经营,5900.5,2488.72,217.63,591.93,142.92,259.43,91.91,2291.78,1740.58,1123.32,6012.42,1216.91,6578.16,2757.74,240197.24,146279.09,111792.95
2024-02-01,2024,2,Q1,现代资产,资产经营,6246.14,2664.31,182.42,625.99,124.44,244.42,96.81,2501.38,1962.35,1447.77,6328.86,1280.96,6613.04,2942.0,239055.68,148957.96,111792.95
2024-03-01,2024,3,Q1,现代资产,资产经营,6696.73,2757.54,166.24,668.68,166.36,310.36,129.62,2757.16,2238.96,2526.64,6645.3,1345.01,5282.29,2966.72,240403.19,150013.56,111792.95
2024-04-01,2024,4,Q2,现代资产,资产经营,6749.33,3099.08,210.16,665.4,137.32,281.29,181.09,2537.17,1956.85,1805.1,6876.96,1391.9,6068.98,3320.76,245041.28,152949.42,111792.95
2024-05-01,2024,5,Q2,现代资产,资产经营,6528.25,2781.25,201.88,707.54,93.11,291.88,161.15,2613.74,2012.21,2385.63,6961.75,1409.06,6378.5,2985.3,241815.96,149372.16,111792.95
2024-06-01,2024,6,Q2,现代资产,资产经营,6785.38,2877.15,234.93,654.61,94.77,289.61,149.66,2783.98,2081.97,1763.05,6876.96,1391.9,5226.32,2944.7,244207.1,150510.82,111792.95
2024-07-01,2024,7,Q3,现代资产,资产经营,6580.29,2903.16,232.99,640.62,103.56,238.64,122.11,2583.43,1981.99,1292.75,6645.3,1345.01,6135.22,3247.81,241090.42,147207.1,111792.95
2024-08-01,2024,8,Q3,现代资产,资产经营,6401.44,2552.26,206.76,599.16,153.73,300.1,155.71,2745.13,2040.17,2095.48,6328.86,1280.96,5371.12,3768.03,245018.56,153215.89,111792.95
2024-09-01,2024,9,Q3,现代资产,资产经营,5958.55,2531.23,167.07,602.71,113.17,302.06,100.23,2342.53,1794.21,2336.9,6012.42,1216.91,5413.42,2770.43,242329.5,151370.92,111792.95
2024-10-01,2024,10,Q4,现代资产,资产经营,5895.14,2446.66,157.06,507.99,155.01,300.41,163.97,2491.97,2001.4,1969.81,5780.77,1170.03,6052.44,2855.18,247620.18,153457.84,111792.95
2024-11-01,2024,11,Q4,现代资产,资产经营,5666.7,2453.48,160.18,429.47,105.08,240.71,98.74,2376.54,1818.03,2244.58,5695.98,1152.87,7125.82,3002.6,244324.29,149147.27,111792.95
2024-12-01,2024,12,Q4,现代资产,资产经营,5641.85,2433.46,177.9,522.31,98.88,246.42,93.87,2256.75,1821.72,891.7,5780.77,1170.03,5379.06,3001.0,245003.43,149898.96,111792.95
2025-01-01,2025,1,Q1,现代资产,资产经营,6567.54,2876.4,180.29,604.37,84.46,283.29,125.64,2664.38,2056.14,2128.56,6422.76,1315.38,6071.56,3620.12,259695.06,157688.63,111792.95
2025-02-01,2025,2,Q1,现代资产,资产经营,6224.19,2690.66,196.59,534.67,100.62,295.0,90.31,2496.95,1946.24,1181.67,6760.8,1384.61,5313.78,2807.56,259343.57,155908.68,111792.95
2025-03-01,2025,3,Q1,现代资产,资产经营,7488.08,3215.78,222.31,708.93,160.02,410.57,116.8,2887.28,2319.72,2748.85,7098.84,1453.84,6772.27,3282.07,260823.48,157543.59,111792.95
2025-04-01,2025,4,Q2,现代资产,资产经营,7052.21,3084.52,222.41,672.22,154.14,356.8,113.2,2675.32,2051.58,2548.95,7346.3,1504.52,5115.07,3011.59,263075.95,161595.74,111792.95
2025-05-01,2025,5,Q2,现代资产,资产经营,7400.23,3372.81,241.42,760.31,168.98,304.11,155.49,2708.09,2058.8,2141.56,7436.88,1523.07,6231.92,2845.33,258662.49,154525.56,111792.95
2025-06-01,2025,6,Q2,现代资产,资产经营,6827.01,3001.05,222.9,585.53,114.28,340.78,77.4,2639.86,2056.73,1664.93,7346.3,1504.52,7045.02,3604.02,264825.18,162871.19,111792.95
2025-07-01,2025,7,Q3,现代资产,资产经营,6553.68,2939.0,227.78,603.48,128.93,327.33,140.71,2467.88,1895.02,2066.71,7098.84,1453.84,6191.04,3377.4,261119.1,158664.12,111792.95
2025-08-01,2025,8,Q3,现代资产,资产经营,6760.28,2842.54,246.8,696.53,142.15,273.41,83.63,2642.47,1986.12,2188.76,6760.8,1384.61,5996.18,3249.83,261659.44,162913.03,111792.95
2025-09-01,2025,9,Q3,现代资产,资产经营,6302.79,2728.25,200.77,476.88,118.8,346.65,125.26,2556.7,1986.25,1761.53,6422.76,1315.38,6201.32,4157.84,265412.73,164430.1,111792.95
2025-10-01,2025,10,Q4,现代资产,资产经营,6196.97,2600.86,200.51,551.57,147.57,304.86,94.84,2486.44,1846.41,2030.7,6175.3,1264.7,6945.55,3290.88,263456.5,158395.82,111792.95
2025-11-01,2025,11,Q4,现代资产,资产经营,6217.37,2745.33,185.99,625.37,112.74,291.78,80.33,2336.49,1918.91,1545.84,6084.72,1246.15,6801.93,3077.33,264127.05,159881.82,111792.95
2025-12-01,2025,12,Q4,现代资产,资产经营,6249.75,2697.21,202.33,556.14,113.76,343.74,72.51,2409.08,1871.07,2170.64,6175.3,1264.7,6919.47,3048.16,258063.12,155839.94,111792.95
2026-01-01,2026,1,Q1,现代资产,资产经营,6886.6,2742.01,205.24,687.2,166.95,316.15,99.48,2868.54,2274.45,2091.2,6860.7,1421.54,7157.7,3807.51,272452.85,164560.4,111792.95
2026-02-01,2026,2,Q1,现代资产,资产经营,6972.39,2862.64,248.34,706.38,143.03,339.24,64.25,2737.01,2068.24,1849.99,7221.79,1496.35,6026.73,3551.58,274503.1,162573.44,111929.66
2026-03-01,2026,3,Q1,现代资产,资产经营,7501.57,3070.47,224.05,714.54,169.64,365.06,183.82,3141.62,2436.12,2186.07,7582.88,1571.17,6168.9,3855.61,278117.76,164943.1,113174.66
2026-04-01,2026,4,Q2,现代资产,资产经营,8233.02,3412.32,320.51,778.52,214.65,452.82,81.12,3135.32,2531.55,2619.71,7847.21,1625.94,8674.5,3883.84,278844.07,166251.57,112592.49
2026-05-01,2026,5,Q2,现代资产,资产经营,7722.81,3193.89,292.38,868.45,109.7,363.72,187.86,3082.53,2349.82,1497.02,7943.97,1645.99,7548.12,2728.78,279458.61,166080.27,113378.34
2026-06-01,2026,6,Q2,现代资产,资产经营,7854.41,3206.07,247.88,755.63,120.54,383.87,97.35,3237.77,2476.65,3265.53,7847.21,1625.94,7342.38,4440.59,281561.94,171578.88,111792.95
