日期,年度,月份,季度,板块,行业营业收入中位数,行业利润率中位数,行业现金质量中位数,行业资产负债率中位数
2023-01-01,2023,1,Q1,新能源,4601.3946,0.3658,0.8276,0.6056
2023-01-01,2023,1,Q1,资产经营,5286.9414,0.356,1.0483,0.637
2023-01-01,2023,1,Q1,金融服务,6509.5031,0.3518,0.7455,0.5633
2023-01-01,2023,1,Q1,高速运营,9443.4732,0.3623,0.7069,0.5007
2023-02-01,2023,2,Q1,新能源,5286.4964,0.3875,0.7717,0.6057
2023-02-01,2023,2,Q1,资产经营,5856.269,0.3649,0.7606,0.6502
2023-02-01,2023,2,Q1,金融服务,6738.3856,0.3655,0.7384,0.5322
2023-02-01,2023,2,Q1,高速运营,9660.7271,0.3534,1.4265,0.5133
2023-03-01,2023,3,Q1,新能源,5472.7402,0.3945,1.0063,0.6192
2023-03-01,2023,3,Q1,资产经营,6332.9412,0.3865,1.132,0.6082
2023-03-01,2023,3,Q1,金融服务,6831.1261,0.371,1.1867,0.5255
2023-03-01,2023,3,Q1,高速运营,10081.153,0.3485,1.1481,0.5259
2023-04-01,2023,4,Q2,新能源,5250.4574,0.3945,1.3017,0.6172
2023-04-01,2023,4,Q2,资产经营,7162.7264,0.3571,1.1444,0.6302
2023-04-01,2023,4,Q2,金融服务,7847.2435,0.3521,0.9637,0.5757
2023-04-01,2023,4,Q2,高速运营,10622.1458,0.3708,0.8416,0.5074
2023-05-01,2023,5,Q2,新能源,5536.7722,0.3446,1.0595,0.5885
2023-05-01,2023,5,Q2,资产经营,6529.893,0.3564,1.4124,0.653
2023-05-01,2023,5,Q2,金融服务,7994.733,0.3552,1.0891,0.5905
2023-05-01,2023,5,Q2,高速运营,10143.7773,0.3847,0.9261,0.519
2023-06-01,2023,6,Q2,新能源,5237.4234,0.3757,0.4599,0.5813
2023-06-01,2023,6,Q2,资产经营,6515.5087,0.3605,0.6776,0.6606
2023-06-01,2023,6,Q2,金融服务,7204.482,0.3623,0.7001,0.5576
2023-06-01,2023,6,Q2,高速运营,11242.1546,0.3576,1.1989,0.5148
2023-07-01,2023,7,Q3,新能源,5828.7976,0.3657,1.0214,0.6142
2023-07-01,2023,7,Q3,资产经营,6461.6789,0.3731,1.2271,0.6174
2023-07-01,2023,7,Q3,金融服务,7202.4391,0.3938,0.8217,0.5689
2023-07-01,2023,7,Q3,高速运营,9903.6769,0.3804,0.556,0.5148
2023-08-01,2023,8,Q3,新能源,4871.416,0.3598,1.0128,0.5785
2023-08-01,2023,8,Q3,资产经营,6548.148,0.3479,0.741,0.6313
2023-08-01,2023,8,Q3,金融服务,7203.7959,0.3677,0.8949,0.5711
2023-08-01,2023,8,Q3,高速运营,10273.1207,0.3588,1.0853,0.4877
2023-09-01,2023,9,Q3,新能源,5126.0022,0.335,1.3736,0.6183
2023-09-01,2023,9,Q3,资产经营,5662.0166,0.3657,0.9511,0.6516
2023-09-01,2023,9,Q3,金融服务,6308.8456,0.3781,0.8286,0.6108
2023-09-01,2023,9,Q3,高速运营,9359.745,0.3663,0.9796,0.5195
2023-10-01,2023,10,Q4,新能源,5340.8332,0.3612,1.1348,0.5973
2023-10-01,2023,10,Q4,资产经营,5336.2832,0.3566,0.6919,0.6127
2023-10-01,2023,10,Q4,金融服务,6232.3278,0.3604,0.8121,0.5583
2023-10-01,2023,10,Q4,高速运营,9550.1856,0.3897,0.7445,0.4939
2023-11-01,2023,11,Q4,新能源,4723.9461,0.3826,1.2281,0.5879
2023-11-01,2023,11,Q4,资产经营,4880.848,0.3534,1.1574,0.6611
2023-11-01,2023,11,Q4,金融服务,6796.5636,0.3586,1.0124,0.5672
2023-11-01,2023,11,Q4,高速运营,7633.7822,0.3584,1.0115,0.507
2023-12-01,2023,12,Q4,新能源,4720.7212,0.3653,1.0336,0.5994
2023-12-01,2023,12,Q4,资产经营,5582.1735,0.3711,1.0916,0.6501
2023-12-01,2023,12,Q4,金融服务,6648.1639,0.381,0.9118,0.551
2023-12-01,2023,12,Q4,高速运营,8222.2777,0.383,1.1802,0.5121
2024-01-01,2024,1,Q1,新能源,5392.8788,0.3906,1.1221,0.6136
2024-01-01,2024,1,Q1,资产经营,5547.2512,0.3979,0.655,0.6364
2024-01-01,2024,1,Q1,金融服务,6953.8724,0.3676,1.0004,0.5818
2024-01-01,2024,1,Q1,高速运营,9544.9429,0.3619,1.2602,0.4838
2024-02-01,2024,2,Q1,新能源,5571.0582,0.3069,0.6881,0.5825
2024-02-01,2024,2,Q1,资产经营,6384.0545,0.3589,0.7145,0.6161
2024-02-01,2024,2,Q1,金融服务,7587.232,0.3646,0.7487,0.5693
2024-02-01,2024,2,Q1,高速运营,10238.0076,0.3986,1.0254,0.5231
2024-03-01,2024,3,Q1,新能源,5624.5645,0.3885,1.0609,0.6196
2024-03-01,2024,3,Q1,资产经营,7019.2154,0.3507,1.0818,0.6125
2024-03-01,2024,3,Q1,金融服务,7246.3406,0.3795,1.1079,0.5442
2024-03-01,2024,3,Q1,高速运营,10407.2305,0.3571,1.0527,0.4837
2024-04-01,2024,4,Q2,新能源,5934.2629,0.3781,1.2194,0.5779
2024-04-01,2024,4,Q2,资产经营,6943.3027,0.3666,0.9079,0.5942
2024-04-01,2024,4,Q2,金融服务,8416.8922,0.3736,1.1137,0.5627
2024-04-01,2024,4,Q2,高速运营,10628.6696,0.3601,1.2108,0.5208
2024-05-01,2024,5,Q2,新能源,5899.103,0.3711,1.4433,0.6066
2024-05-01,2024,5,Q2,资产经营,6852.3323,0.356,1.1972,0.5976
2024-05-01,2024,5,Q2,金融服务,8309.6561,0.356,0.9658,0.5808
2024-05-01,2024,5,Q2,高速运营,10521.082,0.3555,0.8198,0.4887
2024-06-01,2024,6,Q2,新能源,6140.6232,0.3653,1.5187,0.5772
2024-06-01,2024,6,Q2,资产经营,7674.0643,0.3757,0.8764,0.6285
2024-06-01,2024,6,Q2,金融服务,7633.0967,0.3598,1.144,0.5378
2024-06-01,2024,6,Q2,高速运营,10926.3413,0.3903,1.2755,0.5118
2024-07-01,2024,7,Q3,新能源,5539.895,0.338,1.2465,0.5538
2024-07-01,2024,7,Q3,资产经营,6869.1788,0.3491,0.6608,0.6427
2024-07-01,2024,7,Q3,金融服务,7718.8917,0.366,1.0713,0.5617
2024-07-01,2024,7,Q3,高速运营,10163.0541,0.4034,1.1963,0.5022
2024-08-01,2024,8,Q3,新能源,5505.3155,0.3298,1.0172,0.6151
2024-08-01,2024,8,Q3,资产经营,6473.6058,0.3701,1.0452,0.6412
2024-08-01,2024,8,Q3,金融服务,7424.3618,0.3839,1.0051,0.5795
2024-08-01,2024,8,Q3,高速运营,10293.5746,0.3873,0.597,0.4868
2024-09-01,2024,9,Q3,新能源,5158.1532,0.3733,1.7003,0.6036
2024-09-01,2024,9,Q3,资产经营,6083.3457,0.3872,1.3173,0.6096
2024-09-01,2024,9,Q3,金融服务,7793.7258,0.367,1.0125,0.5662
2024-09-01,2024,9,Q3,高速运营,10097.6241,0.3666,0.7058,0.5079
2024-10-01,2024,10,Q4,新能源,5148.5146,0.3655,0.725,0.6014
2024-10-01,2024,10,Q4,资产经营,6254.9081,0.3895,1.0144,0.6519
2024-10-01,2024,10,Q4,金融服务,6897.5271,0.3742,1.0598,0.571
2024-10-01,2024,10,Q4,高速运营,9074.8745,0.3631,1.0312,0.5009
2024-11-01,2024,11,Q4,新能源,4811.9783,0.3404,0.9067,0.6007
2024-11-01,2024,11,Q4,资产经营,6028.9529,0.3808,1.1886,0.6019
2024-11-01,2024,11,Q4,金融服务,6926.9454,0.3648,0.7718,0.5427
2024-11-01,2024,11,Q4,高速运营,9254.7336,0.3452,1.0875,0.4999
2024-12-01,2024,12,Q4,新能源,5442.0278,0.3534,1.0877,0.6071
2024-12-01,2024,12,Q4,资产经营,5679.577,0.382,0.504,0.6232
2024-12-01,2024,12,Q4,金融服务,6814.3998,0.3762,0.9703,0.5742
2024-12-01,2024,12,Q4,高速运营,9706.9297,0.3545,1.1466,0.5145
2025-01-01,2025,1,Q1,新能源,5589.9654,0.332,0.7637,0.5782
2025-01-01,2025,1,Q1,资产经营,6784.0715,0.3772,1.0356,0.6166
2025-01-01,2025,1,Q1,金融服务,7469.2853,0.3929,0.9095,0.555
2025-01-01,2025,1,Q1,高速运营,10366.7528,0.3634,1.2059,0.502
2025-02-01,2025,2,Q1,新能源,6548.8769,0.3853,0.8504,0.5945
2025-02-01,2025,2,Q1,资产经营,6367.3665,0.3564,0.5636,0.6105
2025-02-01,2025,2,Q1,金融服务,7736.495,0.3492,0.8128,0.5541
2025-02-01,2025,2,Q1,高速运营,10981.8925,0.374,0.7696,0.488
2025-03-01,2025,3,Q1,新能源,6269.204,0.3439,1.0925,0.5889
2025-03-01,2025,3,Q1,资产经营,7924.684,0.3478,1.1691,0.6249
2025-03-01,2025,3,Q1,金融服务,8037.363,0.3629,1.1019,0.5363
2025-03-01,2025,3,Q1,高速运营,11084.3971,0.3537,0.8202,0.4907
2025-04-01,2025,4,Q2,新能源,6649.6275,0.3199,0.9978,0.5645
2025-04-01,2025,4,Q2,资产经营,7182.8792,0.3669,1.3742,0.6187
2025-04-01,2025,4,Q2,金融服务,9087.9892,0.3565,0.8377,0.5219
2025-04-01,2025,4,Q2,高速运营,11392.8766,0.3683,1.1586,0.5006
2025-05-01,2025,5,Q2,新能源,6273.8613,0.3829,1.1245,0.6022
2025-05-01,2025,5,Q2,资产经营,7647.0204,0.3556,1.0008,0.5855
2025-05-01,2025,5,Q2,金融服务,8071.9598,0.3812,1.0042,0.5341
2025-05-01,2025,5,Q2,高速运营,11801.6984,0.3438,1.1412,0.4935
2025-06-01,2025,6,Q2,新能源,6542.9927,0.3602,1.1504,0.6086
2025-06-01,2025,6,Q2,资产经营,7116.5,0.359,0.7755,0.6252
2025-06-01,2025,6,Q2,金融服务,8543.0211,0.368,0.9837,0.537
2025-06-01,2025,6,Q2,高速运营,12086.1285,0.3642,0.9828,0.5106
2025-07-01,2025,7,Q3,新能源,6141.0972,0.3271,1.3496,0.5946
2025-07-01,2025,7,Q3,资产经营,6478.9698,0.3693,1.0635,0.6079
2025-07-01,2025,7,Q3,金融服务,8829.6083,0.3786,1.1203,0.5549
2025-07-01,2025,7,Q3,高速运营,11107.7219,0.3897,0.902,0.4858
2025-08-01,2025,8,Q3,新能源,5706.8303,0.3885,1.4316,0.5734
2025-08-01,2025,8,Q3,资产经营,7101.0351,0.3885,1.1401,0.6132
2025-08-01,2025,8,Q3,金融服务,7628.222,0.392,1.0668,0.5428
2025-08-01,2025,8,Q3,高速运营,11118.4123,0.3788,0.8412,0.5087
2025-09-01,2025,9,Q3,新能源,5996.5956,0.3783,0.9791,0.5409
2025-09-01,2025,9,Q3,资产经营,6573.3277,0.3583,0.8376,0.6155
2025-09-01,2025,9,Q3,金融服务,7060.2359,0.3658,0.7018,0.5572
2025-09-01,2025,9,Q3,高速运营,10006.624,0.367,1.3349,0.5208
2025-10-01,2025,10,Q4,新能源,5258.7428,0.359,1.2649,0.5797
2025-10-01,2025,10,Q4,资产经营,6231.0918,0.3963,1.053,0.6356
2025-10-01,2025,10,Q4,金融服务,7411.055,0.3643,0.8815,0.5525
2025-10-01,2025,10,Q4,高速运营,9918.2431,0.3894,1.0286,0.5031
2025-11-01,2025,11,Q4,新能源,5253.9499,0.3047,1.3719,0.5967
2025-11-01,2025,11,Q4,资产经营,6100.8316,0.3792,0.8158,0.607
2025-11-01,2025,11,Q4,金融服务,6381.0398,0.3332,1.0161,0.5512
2025-11-01,2025,11,Q4,高速运营,9343.018,0.3697,1.128,0.487
2025-12-01,2025,12,Q4,新能源,5994.2037,0.3901,0.7956,0.5766
2025-12-01,2025,12,Q4,资产经营,6095.0028,0.3887,1.2402,0.5986
2025-12-01,2025,12,Q4,金融服务,7242.9553,0.3887,0.8893,0.5481
2025-12-01,2025,12,Q4,高速运营,10685.8052,0.37,0.8162,0.4929
2026-01-01,2026,1,Q1,新能源,5700.6871,0.3908,0.7012,0.5456
2026-01-01,2026,1,Q1,资产经营,6884.93,0.378,0.9129,0.5947
2026-01-01,2026,1,Q1,金融服务,8095.5139,0.3797,0.7943,0.5639
2026-01-01,2026,1,Q1,高速运营,10920.2945,0.3842,1.3328,0.4816
2026-02-01,2026,2,Q1,新能源,6314.3292,0.347,1.078,0.5541
2026-02-01,2026,2,Q1,资产经营,7299.507,0.3499,0.9533,0.5938
2026-02-01,2026,2,Q1,金融服务,8073.9894,0.3564,1.4437,0.5312
2026-02-01,2026,2,Q1,高速运营,12196.857,0.3857,1.0881,0.4721
2026-03-01,2026,3,Q1,新能源,6391.0473,0.3356,0.7852,0.5551
2026-03-01,2026,3,Q1,资产经营,7947.468,0.3637,0.9601,0.6002
2026-03-01,2026,3,Q1,金融服务,8958.6085,0.3599,0.9785,0.534
2026-03-01,2026,3,Q1,高速运营,13132.9129,0.3573,1.1114,0.477
2026-04-01,2026,4,Q2,新能源,7346.5776,0.3489,0.6779,0.5574
2026-04-01,2026,4,Q2,资产经营,8305.5033,0.3714,0.9517,0.5683
2026-04-01,2026,4,Q2,金融服务,9686.5919,0.363,1.0413,0.5367
2026-04-01,2026,4,Q2,高速运营,12879.7648,0.356,0.8193,0.5062
2026-05-01,2026,5,Q2,新能源,6231.967,0.3573,0.8032,0.6159
2026-05-01,2026,5,Q2,资产经营,7996.6959,0.3713,0.6563,0.5953
2026-05-01,2026,5,Q2,金融服务,9424.8875,0.3564,1.0382,0.5271
2026-05-01,2026,5,Q2,高速运营,12510.1936,0.3636,1.2457,0.4863
2026-06-01,2026,6,Q2,新能源,6590.2092,0.3294,1.4684,0.5668
2026-06-01,2026,6,Q2,资产经营,8051.164,0.3737,1.3723,0.5895
2026-06-01,2026,6,Q2,金融服务,9028.1598,0.3608,0.976,0.5525
2026-06-01,2026,6,Q2,高速运营,12621.4554,0.4013,1.1979,0.4741
